instance_name,periods,bs_total_cost,bs_routing_cost,bs_inventory_penalty,bs_feasible,bs_runtime_sec,bs_calls,ils_total_cost,ils_routing_cost,ils_inventory_penalty,ils_feasible,ils_runtime_sec,ils_calls,total_runtime_sec,total_runtime_formatted,improvement_percent
LR1_DR02_VC03_V8a,120,316723.788282,42423.788281999994,274300.0,True,71.1727,52,119346.71984199999,37146.719842,82200.0,True,1995.8312,52,2067.0038,34m 27.00s,62.32%
LR1_DR02_VC01_V6a,120,529758.09356,34158.09355999997,495600.0,True,9.8796,53,125738.36631999997,33738.36631999997,92000.0,True,2521.2336,57,2531.1132,42m 11.11s,76.26%
LR1_DR02_VC03_V7a,120,389381.724354,34681.72435399998,354700.0,True,23.7322,57,85339.14808199997,33639.14808199998,51700.0,True,3697.3052,65,3721.0374,1h 2m 1.04s,78.08%
