instance_name,periods,bs_total_cost,bs_routing_cost,bs_inventory_penalty,bs_feasible,bs_runtime_sec,bs_calls,ils_total_cost,ils_routing_cost,ils_inventory_penalty,ils_feasible,ils_runtime_sec,ils_calls,total_runtime_sec,total_runtime_formatted,improvement_percent
LR1_DR02_VC01_V6a,180,822759.95636,53959.956359999946,768800.0,True,99.3425,81,161795.55685999992,52995.556859999924,108800.0,True,17270.6822,87,17370.0247,4h 49m 30.02s,80.34%
LR1_DR02_VC02_V6a,180,1163355.6834,48655.68340000004,1114700.0,True,288.3855,110,110863.34918000002,50363.34918000002,60500.0,True,28260.2038,104,28548.5893,7h 55m 48.59s,90.47%
LR1_DR02_VC03_V7a,180,625054.05964,55754.05963999996,569300.0,True,283.6717,87,191695.95624799994,53795.95624799995,137900.0,True,24821.0993,99,25104.771,6h 58m 24.77s,69.33%
